OFFICIAL LANG CODE;ISO2 CODE;ISO3 CODE;ONU CODE;IS ILOMEMBER;IS RECEIVING QUEST;LABEL EN;LABEL FR;LABEL SP;geo_point_2d
EN;KH;KHM;116;Y;Y;Cambodia;Cambodge;Camboya;12.7158741325,104.902961879
FR;CH;CHE;756;Y;Y;Switzerland;Suisse;Suiza;46.7990859221,8.21591266153
EN;NG;NGA;566;Y;Y;Nigeria;Nigéria;Nigeria;9.59507580848,8.09141781395
EN;CZ;CZE;203;Y;Y;Czech Republic;République tchèque;República Checa;49.7324459146,15.3140847769
EN;UZ;UZB;860;Y;Y;Uzbekistan;Ouzbékistan;Uzbekistán;41.7554735142,63.1405371045
FR;GF;GUF;254;N;Y;French Guiana;Guyane française;Guayana Francesa;
EN;DE;DEU;276;Y;Y;Germany;Allemagne;Alemania;51.1062734358,10.3817108727
EN;BH;BHR;48;Y;Y;Bahrain;Bahreïn;Bahrein;26.0514166973,50.5459565371
EN;MH;MHL;584;N;Y;Marshall Islands;Iles Marshall;Islas Marshall;7.09521237283,170.102306798
SP;VE;VEN;862;Y;Y;Venezuela, Bolivarian Rep. of;Venezuela, Rép. bolivarienne du;Venezuela, Rep. Bolivariana de;7.12780748878,-66.1693972508
FR;RE;REU;638;N;Y;Réunion;Réunion;Reunión;
EN;GY;GUY;328;Y;Y;Guyana;Guyana;Guyana;4.79385162798,-58.9801364944
FR;BI;BDI;108;Y;Y;Burundi;Burundi;Burundi;-3.35694363826,29.8753249526
EN;KI;KIR;296;Y;Y;Kiribati;Kiribati;Kiribati;0.645568622358,-52.4190970754
EN;JO;JOR;400;Y;Y;Jordan;Jordanie;Jordania;31.2455331501,36.771219291
EN;AU;AUS;36;Y;Y;Australia;Australie;Australia;-25.7323831126,134.491117773
SP;EH;ESH;732;N;N;Western Sahara;Sahara occidental;Sahara Occidental;
EN;GE;GEO;268;Y;Y;Georgia;Géorgie;Georgia;42.1690379193,43.5070595604
FR;LU;LUX;442;Y;Y;Luxembourg;Luxembourg;Luxemburgo;49.7668555991,6.07223192937
EN;JP;JPN;392;Y;Y;Japan;Japon;Japón;37.5526225906,137.979959508
SP;BO;BOL;68;Y;Y;Bolivia;Bolivie;Bolivia;-16.7067160673,-64.6849214117
EN;D2;DE2;280;N;N;Germany, Fed. Rep. of before 3.10.1990;Allemagne, Rép. Féd. avant le 3.10.1990;Alemania, Rep. Fed. antes del 3.10.1990;
EN;AL;ALB;8;Y;Y;Albania;Albanie;Albania;41.1423824499,20.0536337871
EN;ME;MNE;499;Y;Y;Montenegro;Monténégro;Montenegro;42.785696291,19.23871376
EN;US;USA;840;Y;Y;United States;Etats-Unis;Estados Unidos;45.6875333395,-112.494333916
EN;BA;BIH;70;Y;Y;Bosnia and Herzegovina;Bosnie-Herzégovine;Bosnia y Herzegovina;44.1715041395,17.7734052675
EN;PG;PNG;598;Y;Y;Papua New Guinea;Papouasie-Nouvelle-Guinée;Papua Nueva Guinea;-6.47028522217,145.231212592
EN;LV;LVA;428;Y;Y;Latvia;Lettonie;Letonia;56.8520035624,24.9079168191
EN;IR;IRN;364;Y;Y;Iran, Islamic Rep. of;Iran, Rép. islamique d';Irán, Rep. Islámica del;32.5705325864,54.2771108547
EN;GM;GMB;270;Y;Y;Gambia;Gambie;Gambia;13.4496127102,-15.3984217921
FR;NC;NCL;540;N;Y;New Caledonia;Nouvelle-Calédonie;Nueva Caledonia;-21.3044620868,165.703585853
EN;KS;KOS;808;N;Y;Kosovo;Kosovo;Kosovo;42.5725834961,20.8735741478
EN;BN;BRN;96;N;Y;Brunei Darussalam;Brunéi Darussalam;Brunei Darussalam;4.51679953771,114.727238056
SP;BR;BRA;76;Y;Y;Brazil;Brésil;Brasil;-10.7811447641,-53.0925364784
EN;NO;NOR;578;Y;Y;Norway;Norvège;Noruega;68.7958281693,15.4107026868
FR;GA;GAB;266;Y;Y;Gabon;Gabon;Gabón;-0.591692774419,11.7893224204
EN;T2;TZ2;836;N;Y;Tanzania (Zanzibar);Tanzanie (Zanzibar);Tanzanía (Zanzíbar);
EN;IQ;IRQ;368;Y;Y;Iraq;Iraq;Iraq;33.0397448476,43.7446739676
EN;SU;URS;810;N;N;USSR;URSS;URSS;
FR;DJ;DJI;262;Y;Y;Djibouti;Djibouti;Djibouti;11.7504923494,42.5670039348
EN;PL;POL;616;Y;Y;Poland;Pologne;Polonia;52.1248371866,19.3943576278
EN;SO;SOM;706;Y;Y;Somalia;Somalie;Somalia;4.74860896352,45.7059511133
EN;D1;DE1;278;N;N;Germany, The former German Dem. Rep.;Allemagne, Ancienne Rép. dém. allemande;Alemania, Antigua Rep. Dem. Alemana;
EN;GI;GIB;292;N;Y;Gibraltar;Gibraltar;Gibraltar;36.1298020979,-5.34697922918
EN;TW;TWN;158;N;N;Taiwan, China;Taïwan, Chine;Taiwan, China;23.753006961,120.950311941
FR;CD;COD;180;Y;Y;Congo, Democratic Republic of the;Congo, Rép. dém. du;Congo, Rep. Dem. del;-2.87983051228,23.645093681
EN;MP;MNP;580;N;Y;Northern Mariana Islands;Iles Mariannes du Nord;Islas Marianas del Norte;16.2212036776,145.602081257
EN;ET;ETH;231;Y;Y;Ethiopia;Ethiopie;Etiopía;8.62300299107,39.600671832
EN;AT;AUT;40;Y;Y;Austria;Autriche;Austria;47.5857571625,14.1305444711
EN;CN;CHN;156;Y;Y;China;Chine;China;36.5602062669,103.831751251
FR;SN;SEN;686;Y;Y;Senegal;Sénégal;Senegal;14.3678611322,-14.4712861299
EN;NF;NFK;574;N;Y;Norfolk Island;Ile Norfolk;Isla Norfolk;-29.0360351114,167.954835874
EN;KN;KNA;659;Y;Y;Saint Kitts and Nevis;Saint-Kitts-et-Nevis;Saint Kitts y Nevis;17.2733218794,-62.7004618885
EN;BT;BTN;64;N;Y;Bhutan;Bhoutan;Bhután;27.4216088934,90.4047032909
EN;PW;PLW;585;N;Y;Palau;Palau;Palau;7.20355530152,134.352739769
EN;KZ;KAZ;398;Y;Y;Kazakhstan;Kazakhstan;Kazajstán;48.1604671091,67.2955171321
FR;BJ;BEN;204;Y;Y;Benin;Bénin;Benin;9.64190633253,2.32921274202
EN;AW;ABW;533;N;Y;Aruba;Aruba;Aruba;12.5176657977,-69.9747672504
EN;CS;SCG;891;Y;N;Serbia and Montenegro;Serbie-et-Monténégro;Serbia y Montenegro;
SP;DO;DOM;214;Y;Y;Dominican Republic;République dominicaine;República Dominicana;18.8960527207,-70.4965672754
EN;Y1;YE1;886;N;N;Yemen, The former Arab Rep. of;Yémen, Ancienne Rép. arabe du;Yemen, Antigua Rep. Arabe del;
EN;NL;NLD;528;Y;Y;Netherlands;Pays-Bas;Países Bajos;52.0724168637,5.22159177132
FR;TN;TUN;788;Y;Y;Tunisia;Tunisie;Túnez;34.1194945806,9.55488510583
EN;CY;CYP;196;Y;Y;Cyprus;Chypre;Chipre;34.9152999848,32.9902425308
EN;M3;MY3;459;N;N;Malaysia: Sarawak;Malaisie: Sarawak;Malasia: Sarawak;
EN;KP;PRK;408;N;Y;Korea, Dem. People's Rep. of;Corée, Rép. pop. dém. de;Corea, Rep. Pop. Dem. de;40.1508079459,127.184350323
FR;LB;LBN;422;Y;Y;Lebanon;Liban;Líbano;33.9207881471,35.8799982721
EN;LR;LBR;430;Y;Y;Liberia;Libéria;Liberia;6.45238198683,-9.31988198206
EN;AZ;AZE;31;Y;Y;Azerbaijan;Azerbaïdjan;Azerbaiyán;40.2891791299,47.5425498534
SP;ES;ESP;724;Y;Y;Spain;Espagne;España;40.2274328729,-3.65226540732
EN;QA;QAT;634;Y;Y;Qatar;Qatar;Qatar;25.3131884548,51.1865307757
EN;OM;OMN;512;Y;Y;Oman;Oman;Omán;20.60210016,56.0925824468
EN;SK;SVK;703;Y;Y;Slovakia;Slovaquie;Eslovaquia;48.7050534694,19.4806052302
FR;CV;CPV;132;Y;Y;Cape Verde;Cap-Vert;Cabo Verde;15.9374673653,-23.9647310845
EN;GB;GBR;826;Y;Y;United Kingdom;Royaume-Uni;Reino Unido;54.1454903122,-2.88594273633
EN;MT;MLT;470;Y;Y;Malta;Malte;Malta;35.9200811084,14.4043840372
EN;IL;ISR;376;Y;Y;Israel;Israël;Israel;31.4448606644,34.9964234505
EN;LS;LSO;426;Y;Y;Lesotho;Lesotho;Lesotho;-29.5798587816,28.2284419379
EN;LA;LAO;418;Y;Y;Lao People's Dem. Rep.;République dém. pop. lao;República Dem. Pop. Lao;18.5027254609,103.73756404
FR;BF;BFA;854;Y;Y;Burkina Faso;Burkina Faso;Burkina Faso;12.2695677876,-1.75515034
EN;VC;VCT;670;Y;Y;Saint Vincent and the Grenadines;Saint-Vincent-et-les Grenadines;San Vicente y las Granadinas;13.2170996606,-61.2026948357
FR;PM;SPM;666;N;Y;Saint Pierre and Miquelon;Saint-Pierre-et-Miquelon;San Pedro y Miquelón;46.9322291441,-56.3083720391
EN;SI;SVN;705;Y;Y;Slovenia;Slovénie;Eslovenia;46.1161834406,14.8077251029
EN;BB;BRB;52;Y;Y;Barbados;Barbade;Barbados;13.1805182958,-59.5607434508
EN;IE;IRL;372;Y;Y;Ireland;Irlande;Irlanda;53.177727454,-8.14541782157
FR;CI;CIV;384;Y;Y;Côte d'Ivoire;Côte d'Ivoire;Côte d'Ivoire;7.62813772584,-5.56900779845
EN;RW;RWA;646;Y;Y;Rwanda;Rwanda;Rwanda;-1.99277319942,29.9188561928
EN;TV;TUV;798;N;Y;Tuvalu;Tuvalu;Tuvalu;-7.84026042527,178.602786997
FR;SM;SMR;674;Y;Y;San Marino;Saint-Marin;San Marino;43.9354661874,12.4414307355
EN;ER;ERI;232;Y;Y;Eritrea;Erythrée;Eritrea;15.3574559287,38.8534296499
EN;GL;GRL;304;N;Y;Greenland;Groenland;Groenlandia;74.7364293388,-41.3458712652
EN;TM;TKM;795;Y;Y;Turkmenistan;Turkménistan;Turkmenistán;39.11575805,59.3761877275
EN;KE;KEN;404;Y;Y;Kenya;Kenya;Kenya;0.550735388524,37.8221204959
EN;TJ;TJK;762;Y;Y;Tajikistan;Tadjikistan;Tayikistán;38.5298999117,71.0158664683
EN;AI;AIA;660;N;Y;Anguilla;Anguilla;Anguilla;18.224869546,-63.0600473989
EN;FO;FRO;234;N;Y;Faeroe Islands;Iles Féroé;Islas Feroe;62.0728461388,-6.87192063785
FR;MG;MDG;450;Y;Y;Madagascar;Madagascar;Madagascar;-19.3736785722,46.7058236619
EN;LI;LIE;438;N;Y;Liechtenstein;Liechtenstein;Liechtenstein;47.1378619173,9.54116129617
EN;SZ;SWZ;748;Y;Y;Swaziland;Swaziland;Swazilandia;-26.5616993839,31.4801350162
FR;WF;WLF;876;N;Y;Wallis and Futuna Islands;Iles Wallis et Futuna;Islas Wallis y Futuna;-13.736572399,-177.05394523
EN;TH;THA;764;Y;Y;Thailand;Thaïlande;Tailandia;15.1144432725,101.003455746
EN;TL;TLS;626;N;Y;Timor-Leste;Timor-Leste;Timor-Leste;-8.8233219641,125.85227581
FR;BE;BEL;56;Y;Y;Belgium;Belgique;Bélgica;50.6375465936,4.63966996313
EN;IS;ISL;352;Y;Y;Iceland;Islande;Islandia;64.9981164128,-18.5967761911
EN;BG;BGR;100;Y;Y;Bulgaria;Bulgarie;Bulgaria;42.7684902365,25.2177412805
EN;SS;SSD;728;Y;Y;South Sudan, The Republic of;Soudan, République du;Sudán, República de;
EN;TR;TUR;792;Y;Y;Turkey;Turquie;Turquía;39.0610307894,35.1672670068
EN;MW;MWI;454;Y;Y;Malawi;Malawi;Malawi;-13.2171368017,34.2899685082
FR;GN;GIN;324;Y;Y;Guinea;Guinée;Guinea;10.4346600847,-10.9426023656
EN;MY;MYS;458;Y;Y;Malaysia;Malaisie;Malasia;3.79222522497,109.698582988
EN;SC;SYC;690;Y;Y;Seychelles;Seychelles;Seychelles;-6.53294945625,51.9754508474
EN;MO;MAC;446;N;Y;Macau, China;Macao, Chine;Macao, China;22.158366139,113.549817657
EN;UG;UGA;800;Y;Y;Uganda;Ouganda;Uganda;1.27575775615,32.3669969147
FR;MA;MAR;504;Y;Y;Morocco;Maroc;Marruecos;29.8417475558,-8.39640701846
EN;RU;RUS;643;Y;Y;Russian Federation;Russie, Fédération de;Rusia, Federación de;61.9843417375,96.6934557675
EN;VG;VGB;92;N;Y;British Virgin Islands;Iles Vierges britanniques;Islas Vírgenes británicas;18.5095025525,-64.502943619
EN;C1;CS1;200;N;N;Czechoslovakia;Tchécoslovaquie;Checoslovaquia;
EN;SB;SLB;90;Y;Y;Solomon Islands;Iles Salomon;Islas Salomón;-8.91107375944,159.637514734
EN;IN;IND;356;Y;Y;India;Inde;India;22.8881002778,79.6158935763
EN;JE;JEY;832;Y;Y;Jersey;Jersey;Jersey;49.2209848181,-2.12560781432
EN;MS;MSR;500;N;Y;Montserrat;Montserrat;Montserrat;16.7374766049,-62.1870907846
EN;MN;MNG;496;Y;Y;Mongolia;Mongolie;Mongolia;46.825774899,103.055990959
EN;HU;HUN;348;Y;Y;Hungary;Hongrie;Hungría;47.1631484858,19.3963546422
EN;ID;IDN;360;Y;Y;Indonesia;Indonésie;Indonesia;-2.22275260271,117.268941687
EN;BM;BMU;60;N;Y;Bermuda;Bermudes;Bermudas;32.3128402132,-64.758030158
EN;DM;DMA;212;Y;Y;Dominica;Dominique;Dominica;15.4372261204,-61.3569313883
FR;NE;NER;562;Y;Y;Niger;Niger;Níger;17.4187581641,9.3857412628
EN;FJ;FJI;242;Y;Y;Fiji;Fidji;Fiji;-17.4466602926,163.732973147
FR;CM;CMR;120;Y;Y;Cameroon;Cameroun;Camerún;5.69302138386,12.7370844447
EN;DK;DNK;208;Y;Y;Denmark;Danemark;Dinamarca;55.9659213307,10.0502290036
EN;VU;VUT;548;N;Y;Vanuatu;Vanuatu;Vanuatu;-16.2005308651,167.698941265
SP;ST;STP;678;Y;Y;Sao Tome and Principe;Sao Tomé-et-Principe;Santo Tomé y Príncipe;0.441942409904,6.72420009882
FR;TD;TCD;148;Y;Y;Chad;Tchad;Chad;15.332983539,18.6461890475
EN;NZ;NZL;554;Y;Y;New Zealand;Nouvelle-Zélande;Nueva Zelandia;-41.8294535363,171.462581036
EN;CA;CAN;124;Y;Y;Canada;Canada;Canadá;61.3765600742,-98.2945373672
EN;KG;KGZ;417;Y;Y;Kyrgyzstan;Kirghizistan;Kirguistán;41.4618305412,74.5411364681
EN;JG;CHA;830;N;Y;Channel Islands;Iles Anglo-normandes;Islas Anglonormandas;
EN;TT;TTO;780;Y;Y;Trinidad and Tobago;Trinité-et-Tobago;Trinidad y Tabago;10.4682272722,-61.2588799175
SP;GQ;GNQ;226;Y;Y;Equatorial Guinea;Guinée équatoriale;Guinea Ecuatorial;1.7072413441,10.333378379
EN;SR;SUR;740;Y;Y;Suriname;Suriname;Suriname;4.13105778556,-55.9111551618
EN;ZM;ZMB;894;Y;Y;Zambia;Zambie;Zambia;-13.4601310731,27.7743026217
EN;AN;ANT;530;N;Y;Netherlands Antilles;Antilles néerlandaises;Antillas Neerlandesas;
EN;Y3;YU1;890;N;N;Yugoslavia, The former Socialist Fed. Rep. of;Yougoslavie, Ancienne Rép. socialiste de;Yugoslavia, Antigua Rep. Fed. socialista;
EN;MM;MMR;104;Y;Y;Myanmar;Myanmar;Myanmar;21.1683805571,96.4892839365
FR;GP;GLP;312;N;Y;Guadeloupe;Guadeloupe;Guadalupe;
SP;MX;MEX;484;Y;Y;Mexico;Mexique;México;23.9489236523,-102.53036366
EN;MU;MUS;480;Y;Y;Mauritius;Maurice;Mauricio;-20.1858075358,57.8502553676
EN;SA;SAU;682;Y;Y;Saudi Arabia;Arabie saoudite;Arabia Saudita;24.1219726043,44.5372436892
EN;LK;LKA;144;Y;Y;Sri Lanka;Sri Lanka;Sri Lanka;7.61596053702,80.7029489373
EN;NR;NRU;520;N;Y;Nauru;Nauru;Nauru;-0.52015915404,166.932472001
EN;MK;MKD;807;Y;Y;Macedonia, The former Yugoslav Rep. of;Macédoine, Ex-Rép. yougoslave de;Macedonia, Ex Rep. Yugoslava de;41.5948948332,21.683956725
EN;AG;ATG;28;Y;Y;Antigua and Barbuda;Antigua-et-Barbuda;Antigua y Barbuda;17.2828237433,-61.7915278348
SP;AR;ARG;32;Y;Y;Argentina;Argentine;Argentina;-35.3874753432,-65.1782708231
FR;RO;ROU;642;Y;Y;Romania;Roumanie;Rumania;45.8534292955,24.9730878059
EN;PS;PSE;275;N;Y;West Bank and Gaza Strip;Rive occidentale et Bande de Gaza;Ribera occidental y Faja de Gaza;
EN;JM;JAM;388;Y;Y;Jamaica;Jamaïque;Jamaica;18.1551953465,-77.3189142295
EN;MV;MDV;462;N;Y;Maldives;Maldives;Maldivas;3.86442047724,73.3085660176
FR;GW;GNB;624;Y;Y;Guinea-Bissau;Guinée-Bissau;Guinea-Bissau;12.0276495691,-14.9767869834
FR;MR;MRT;478;Y;Y;Mauritania;Mauritanie;Mauritania;20.256790923,-10.3435353439
EN;FK;FLK;238;N;Y;Falkland Islands (Malvinas);Iles Falkland (Malvinas);Islas Malvinas (Falkland);-51.733493496,-59.3746165316
EN;MD;MDA;498;Y;Y;Moldova, Republic of;Moldova, République de;Moldova, República de;47.1950678079,28.4611524643
SP;GT;GTM;320;Y;Y;Guatemala;Guatemala;Guatemala;15.6959794459,-90.3597132732
FR;AO;AGO;24;Y;Y;Angola;Angola;Angola;-12.2922888126,17.5369791417
EN;VN;VNM;704;Y;Y;Viet Nam;Viet Nam;Viet Nam;16.6428226166,106.301132488
EN;RS;SRB;688;Y;Y;Serbia;Serbie;Serbia;44.221300008,20.7902937118
FR;KM;COM;174;Y;Y;Comoros;Comores;Comoras;-11.8838077876,43.6794188795
EN;GH;GHA;288;Y;Y;Ghana;Ghana;Ghana;7.95354676949,-1.21649642233
EN;TZ;TZA;834;Y;Y;Tanzania, United Republic of;Tanzanie, République-Unie de;Tanzanía, República Unida de;-6.27504483039,34.8134676243
FR;MQ;MTQ;474;N;Y;Martinique;Martinique;Martinica;
EN;BW;BWA;72;Y;Y;Botswana;Botswana;Botswana;-22.1861123248,23.7991035648
EN;TK;TKL;772;N;Y;Tokelau;Tokélaou;Tokelau;
EN;HK;HKG;344;N;Y;Hong Kong, China;Hong-kong, Chine;Hong Kong, China;22.3840677114,114.131303733
EN;SG;SGP;702;Y;Y;Singapore;Singapour;Singapur;1.35861228265,103.812245192
EN;KR;KOR;410;Y;Y;Korea, Republic of;Corée, République de;Corea, República de;36.3740505763,127.819686447
FR;ML;MLI;466;Y;Y;Mali;Mali;Malí;17.3446450476,-3.5394321557
EN;AS;ASM;16;N;Y;American Samoa;Samoa américaines;Samoa Americana;-14.2610693254,-170.40913057
EN;LT;LTU;440;Y;Y;Lithuania;Lituanie;Lituania;55.3270297547,23.8885032451
EN;ZA;ZAF;710;Y;Y;South Africa;Afrique du Sud;Sudáfrica;-29.001024687,25.087310262
EN;SH;SHN;654;N;Y;Saint Helena;Sainte-Hélène;Santa Elena;-24.6933346806,-10.1809053332
EN;NA;NAM;516;Y;Y;Namibia;Namibie;Namibia;-22.1284335852,17.211333564
FR;AD;AND;20;N;Y;Andorra;Andorre;Andorra;42.5423528314,1.56130102941
EN;NP;NPL;524;Y;Y;Nepal;Népal;Nepal;28.2479439867,83.9162472404
SP;UY;URY;858;Y;Y;Uruguay;Uruguay;Uruguay;-32.7983956504,-56.0171416599
EN;LC;LCA;662;Y;Y;Saint Lucia;Sainte-Lucie;Santa Lucía;13.902699993,-60.9705395552
EN;SD;SDN;736;Y;Y;Sudan, The Republic of;Soudan, République du;Sudán, República de;15.9868153397,29.9397656232
EN;NU;NIU;570;N;Y;Niue;Nioué;Niue;-19.0493506258,-169.868910274
EN;D3;DE3;277;N;N;Germany, 5 new Länder and Berlin (East);Allemagne, 5 nouveaux Länder et Berlin-Est;Alemania, 5 nuevos Länder y Berlin Este;
EN;BZ;BLZ;84;Y;Y;Belize;Belize;Belice;17.2076202853,-88.6947664472
EN;IT;ITA;380;Y;Y;Italy;Italie;Italia;42.7864450125,12.0723891753
EN;FI;FIN;246;Y;Y;Finland;Finlande;Finlandia;64.496025362,26.2713520963
SP;PY;PRY;600;Y;Y;Paraguay;Paraguay;Paraguay;-23.2273143012,-58.3983991485
EN;AF;AFG;4;Y;Y;Afghanistan;Afghanistan;Afganistán;33.8364489128,66.0087623043
EN;AE;ARE;784;Y;Y;United Arab Emirates;Emirats arabes unis;Emiratos Arabes Unidos;23.9082234509,54.3037299326
SP;PE;PER;604;Y;Y;Peru;Pérou;Perú;-9.15437177966,-74.3781377726
FR;CG;COG;178;Y;Y;Congo;Congo;Congo;-0.83889714404,15.2180878602
SP;HN;HND;340;Y;Y;Honduras;Honduras;Honduras;14.8207817676,-86.6254207576
EN;VI;VIR;850;N;Y;Virgin Islands (US);Iles Vierges américaines;Islas Vírgenes (EE.UU.);17.9731771556,-64.7975825297
EN;CK;COK;184;N;Y;Cook Islands;Iles Cook;Islas Cook;-19.8687679623,-158.801766392
EN;SL;SLE;694;Y;Y;Sierra Leone;Sierra Leone;Sierra Leona;8.56342159427,-11.7947178851
FR;PF;PYF;258;N;Y;French Polynesia;Polynésie française;Polinesia Francesa;-15.1765651812,-145.038256856
EN;EG;EGY;818;Y;Y;Egypt;Egypte;Egipto;26.4931757586,29.8611742358
EN;WS;WSM;882;N;Y;Samoa;Samoa;Samoa;-13.7547051921,-172.16175453
EN;BY;BLR;112;Y;Y;Belarus;Bélarus;Belarús;53.5316917941,28.0333167556
SP;PA;PAN;591;Y;Y;Panama;Panama;Panamá;8.51447641709,-80.1212207136
FR;HT;HTI;332;Y;Y;Haiti;Haïti;Haití;18.9384526075,-72.6903857021
EN;BD;BGD;50;Y;Y;Bangladesh;Bangladesh;Bangladesh;23.8455777203,90.2419424062
SP;EC;ECU;218;Y;Y;Ecuador;Equateur;Ecuador;-1.42637018649,-78.7712502025
SP;NI;NIC;558;Y;Y;Nicaragua;Nicaragua;Nicaragua;12.8454113402,-85.0334031776
SP;CU;CUB;192;Y;Y;Cuba;Cuba;Cuba;21.62531027,-79.03529044
EN;KW;KWT;414;Y;Y;Kuwait;Koweït;Kuwait;29.3396377429,47.5943688371
FR;PT;PRT;620;Y;Y;Portugal;Portugal;Portugal;39.5879315668,-8.58679773073
EN;Y2;YE2;720;N;N;Yemen, The former Democratic;Yémen, Ancien Yémen démocratique;Yemen, Antiguo Yemen democrático;
EN;GR;GRC;300;Y;Y;Greece;Grèce;Grecia;39.0516315876,22.9734385798
EN;YE;YEM;887;Y;Y;Yemen;Yémen;Yemen;15.9052492416,47.5906008569
EN;M2;MY2;457;N;N;Malaysia: Sabah;Malaisie: Sabah;Malasia: Sabah;
EN;IM;IMN;833;N;Y;Isle of Man;Ile de Man;Isla de Man;54.2282504929,-4.53421810603
EN;TC;TCA;796;N;Y;Turks and Caicos Islands;Iles Turques et Caïques;Islas Turcos y Caicos;21.7821634171,-71.8817069548
EN;LY;LBY;434;Y;Y;Libyan Arab Jamahiriya;Jamahiriya arabe libyenne;Jamahiriya Arabe Libia;27.0303685218,18.0095950102
EN;HR;HRV;191;Y;Y;Croatia;Croatie;Croacia;45.0684270744,16.3978320054
FR;TG;TGO;768;Y;Y;Togo;Togo;Togo;8.52650737986,0.962524955848
FR;CF;CAF;140;Y;Y;Central African Republic;République centrafricaine;República Centroafricana;6.56632290607,20.4648268732
FR;DZ;DZA;12;Y;Y;Algeria;Algérie;Argelia;28.1489523417,2.65318018402
EN;GU;GUM;316;N;Y;Guam;Guam;Guam;13.443095422,144.770773628
EN;GD;GRD;308;Y;Y;Grenada;Grenade;Granada;12.1519285645,-61.6574851042
FR;FR;FRA;250;Y;Y;France;France;Francia;42.1820291785,-2.75442214946
EN;MZ;MOZ;508;Y;Y;Mozambique;Mozambique;Mozambique;-17.2694407361,35.5381045309
EN;EE;EST;233;Y;Y;Estonia;Estonie;Estonia;58.6709781603,25.5366060242
SP;CL;CHL;152;Y;Y;Chile;Chili;Chile;-37.7346256717,-71.3627814168
EN;PR;PRI;630;N;Y;Puerto Rico;Porto Rico;Puerto Rico;18.2238457179,-66.4663845764
SP;CR;CRI;188;Y;Y;Costa Rica;Costa Rica;Costa Rica;9.97332729645,-84.193292649
EN;AM;ARM;51;Y;Y;Armenia;Arménie;Armenia;40.2881475184,44.9321167362
EN;GG;GGY;831;Y;Y;Guernsey;Guernesey;Guernesey;49.4774717256,-2.54060746535
EN;T1;TZ1;835;N;Y;Tanzania (Tanganyika);Tanzanie (Tanganyika);Tanzanía (Tangañika);
EN;UA;UKR;804;Y;Y;Ukraine;Ukraine;Ucrania;48.9972191079,31.386059716
EN;ZW;ZWE;716;Y;Y;Zimbabwe;Zimbabwe;Zimbabwe;-19.0027606418,29.8516462113
EN;SY;SYR;760;Y;Y;Syrian Arab Republic;République arabe syrienne;República Arabe Siria;35.022758145,38.504432306
EN;TO;TON;776;N;Y;Tonga;Tonga;Tonga;-20.0705280804,-174.872535332
EN;M1;MY1;456;N;N;Malaysia: Peninsular Malaysia;Malaisie: Malaisie péninsulaire;Malasia: Malasia Peninsular;
EN;SE;SWE;752;Y;Y;Sweden;Suède;Suecia;62.777378402,16.7542843545
EN;PK;PAK;586;Y;Y;Pakistan;Pakistan;Pakistán;29.9485239896,69.3410760793
EN;KY;CYM;136;N;Y;Cayman Islands;Iles Caïmanes;Islas Caimán;19.4287484011,-80.8675232073
FR;MC;MCO;492;N;Y;Monaco;Monaco;Mónaco;43.7388941238,7.39939980518
EN;BS;BHS;44;Y;Y;Bahamas;Bahamas;Bahamas;24.2318875048,-76.5579510932
EN;E1;ET1;230;Y;N;Ethiopia (including Eritrea);Ethiopie (y compris l'Erythrée);Etiopía (incluyendo Eritrea);
SP;CO;COL;170;Y;Y;Colombia;Colombie;Colombia;3.90962199445,-73.0836676571
SP;SV;SLV;222;Y;Y;El Salvador;El Salvador;El Salvador;13.7358746054,-88.871140054
EN;PH;PHL;608;Y;Y;Philippines;Philippines;Filipinas;11.7639871446,122.874831814