Country,Cause,Rate
Afghanistan, Total,101
Afghanistan, Lower respiratory infections,19
Afghanistan," Trachea, bronchus, lung cancers",2
Afghanistan, Ischaemic heart disease,53
Afghanistan, Stroke,21
Afghanistan, Chronic obstructive pulmonary disease,7
Albania, Total,165
Albania, Lower respiratory infections,7
Albania," Trachea, bronchus, lung cancers",7
Albania, Ischaemic heart disease,85
Albania, Stroke,59
Albania, Chronic obstructive pulmonary disease,7
Algeria, Total,41
Algeria, Lower respiratory infections,3
Algeria," Trachea, bronchus, lung cancers",1
Algeria, Ischaemic heart disease,28
Algeria, Stroke,8
Algeria, Chronic obstructive pulmonary disease,2
Angola, Total,59
Angola, Lower respiratory infections,32
Angola," Trachea, bronchus, lung cancers",1
Angola, Ischaemic heart disease,13
Angola, Stroke,11
Angola, Chronic obstructive pulmonary disease,3
Antigua and Barbuda, Total,22
Antigua and Barbuda, Lower respiratory infections,2
Antigua and Barbuda," Trachea, bronchus, lung cancers",0
Antigua and Barbuda, Ischaemic heart disease,13
Antigua and Barbuda, Stroke,5
Antigua and Barbuda, Chronic obstructive pulmonary disease,1
Argentina, Total,42
Argentina, Lower respiratory infections,12
Argentina," Trachea, bronchus, lung cancers",1
Argentina, Ischaemic heart disease,19
Argentina, Stroke,5
Argentina, Chronic obstructive pulmonary disease,5
Armenia, Total,114
Armenia, Lower respiratory infections,12
Armenia," Trachea, bronchus, lung cancers",6
Armenia, Ischaemic heart disease,78
Armenia, Stroke,13
Armenia, Chronic obstructive pulmonary disease,6
Australia, Total,21
Australia, Lower respiratory infections,2
Australia," Trachea, bronchus, lung cancers",1
Australia, Ischaemic heart disease,13
Australia, Stroke,3
Australia, Chronic obstructive pulmonary disease,2
Austria, Total,48
Austria, Lower respiratory infections,2
Austria," Trachea, bronchus, lung cancers",2
Austria, Ischaemic heart disease,34
Austria, Stroke,5
Austria, Chronic obstructive pulmonary disease,4
Azerbaijan, Total,110
Azerbaijan, Lower respiratory infections,4
Azerbaijan," Trachea, bronchus, lung cancers",2
Azerbaijan, Ischaemic heart disease,80
Azerbaijan, Stroke,21
Azerbaijan, Chronic obstructive pulmonary disease,3
Bahamas, Total,10
Bahamas, Lower respiratory infections,1
Bahamas," Trachea, bronchus, lung cancers",0
Bahamas, Ischaemic heart disease,7
Bahamas, Stroke,2
Bahamas, Chronic obstructive pulmonary disease,0
Bahrain, Total,25
Bahrain, Lower respiratory infections,2
Bahrain," Trachea, bronchus, lung cancers",1
Bahrain, Ischaemic heart disease,16
Bahrain, Stroke,4
Bahrain, Chronic obstructive pulmonary disease,2
Bangladesh, Total,101
Bangladesh, Lower respiratory infections,11
Bangladesh," Trachea, bronchus, lung cancers",4
Bangladesh, Ischaemic heart disease,34
Bangladesh, Stroke,36
Bangladesh, Chronic obstructive pulmonary disease,16
Barbados, Total,42
Barbados, Lower respiratory infections,8
Barbados," Trachea, bronchus, lung cancers",1
Barbados, Ischaemic heart disease,20
Barbados, Stroke,11
Barbados, Chronic obstructive pulmonary disease,2
Belarus, Total,138
Belarus, Lower respiratory infections,2
Belarus," Trachea, bronchus, lung cancers",2
Belarus, Ischaemic heart disease,111
Belarus, Stroke,20
Belarus, Chronic obstructive pulmonary disease,3
Belgium, Total,42
Belgium, Lower respiratory infections,6
Belgium," Trachea, bronchus, lung cancers",3
Belgium, Ischaemic heart disease,23
Belgium, Stroke,6
Belgium, Chronic obstructive pulmonary disease,5
Belize, Total,27
Belize, Lower respiratory infections,7
Belize," Trachea, bronchus, lung cancers",1
Belize, Ischaemic heart disease,12
Belize, Stroke,5
Belize, Chronic obstructive pulmonary disease,2
Benin, Total,102
Benin, Lower respiratory infections,49
Benin," Trachea, bronchus, lung cancers",0
Benin, Ischaemic heart disease,25
Benin, Stroke,22
Benin, Chronic obstructive pulmonary disease,6
Bhutan, Total,74
Bhutan, Lower respiratory infections,9
Bhutan," Trachea, bronchus, lung cancers",2
Bhutan, Ischaemic heart disease,30
Bhutan, Stroke,11
Bhutan, Chronic obstructive pulmonary disease,22
Bolivia (Plurinational State of), Total,73
Bolivia (Plurinational State of), Lower respiratory infections,23
Bolivia (Plurinational State of)," Trachea, bronchus, lung cancers",2
Bolivia (Plurinational State of), Ischaemic heart disease,27
Bolivia (Plurinational State of), Stroke,13
Bolivia (Plurinational State of), Chronic obstructive pulmonary disease,8
Bosnia and Herzegovina, Total,235
Bosnia and Herzegovina, Lower respiratory infections,7
Bosnia and Herzegovina," Trachea, bronchus, lung cancers",23
Bosnia and Herzegovina, Ischaemic heart disease,115
Bosnia and Herzegovina, Stroke,77
Bosnia and Herzegovina, Chronic obstructive pulmonary disease,14
Botswana, Total,79
Botswana, Lower respiratory infections,29
Botswana," Trachea, bronchus, lung cancers",1
Botswana, Ischaemic heart disease,24
Botswana, Stroke,18
Botswana, Chronic obstructive pulmonary disease,8
Brazil, Total,33
Brazil, Lower respiratory infections,7
Brazil," Trachea, bronchus, lung cancers",1
Brazil, Ischaemic heart disease,15
Brazil, Stroke,6
Brazil, Chronic obstructive pulmonary disease,3
Brunei Darussalam, Total,14
Brunei Darussalam, Lower respiratory infections,1
Brunei Darussalam," Trachea, bronchus, lung cancers",0
Brunei Darussalam, Ischaemic heart disease,8
Brunei Darussalam, Stroke,3
Brunei Darussalam, Chronic obstructive pulmonary disease,1
Bulgaria, Total,155
Bulgaria, Lower respiratory infections,3
Bulgaria," Trachea, bronchus, lung cancers",4
Bulgaria, Ischaemic heart disease,104
Bulgaria, Stroke,37
Bulgaria, Chronic obstructive pulmonary disease,7
Burkina Faso, Total,84
Burkina Faso, Lower respiratory infections,45
Burkina Faso," Trachea, bronchus, lung cancers",1
Burkina Faso, Ischaemic heart disease,21
Burkina Faso, Stroke,14
Burkina Faso, Chronic obstructive pulmonary disease,3
Burundi, Total,80
Burundi, Lower respiratory infections,39
Burundi," Trachea, bronchus, lung cancers",0
Burundi, Ischaemic heart disease,17
Burundi, Stroke,17
Burundi, Chronic obstructive pulmonary disease,7
Cabo Verde, Total,63
Cabo Verde, Lower respiratory infections,17
Cabo Verde," Trachea, bronchus, lung cancers",2
Cabo Verde, Ischaemic heart disease,27
Cabo Verde, Stroke,12
Cabo Verde, Chronic obstructive pulmonary disease,4
Cambodia, Total,94
Cambodia, Lower respiratory infections,28
Cambodia," Trachea, bronchus, lung cancers",4
Cambodia, Ischaemic heart disease,27
Cambodia, Stroke,27
Cambodia, Chronic obstructive pulmonary disease,8
Cameroon, Total,90
Cameroon, Lower respiratory infections,44
Cameroon," Trachea, bronchus, lung cancers",1
Cameroon, Ischaemic heart disease,22
Cameroon, Stroke,19
Cameroon, Chronic obstructive pulmonary disease,5
Canada, Total,18
Canada, Lower respiratory infections,1
Canada," Trachea, bronchus, lung cancers",1
Canada, Ischaemic heart disease,12
Canada, Stroke,2
Canada, Chronic obstructive pulmonary disease,2
Central African Republic, Total,140
Central African Republic, Lower respiratory infections,65
Central African Republic," Trachea, bronchus, lung cancers",1
Central African Republic, Ischaemic heart disease,32
Central African Republic, Stroke,31
Central African Republic, Chronic obstructive pulmonary disease,12
Chad, Total,112
Chad, Lower respiratory infections,70
Chad," Trachea, bronchus, lung cancers",0
Chad, Ischaemic heart disease,19
Chad, Stroke,17
Chad, Chronic obstructive pulmonary disease,5
Chile, Total,27
Chile, Lower respiratory infections,4
Chile," Trachea, bronchus, lung cancers",2
Chile, Ischaemic heart disease,12
Chile, Stroke,7
Chile, Chronic obstructive pulmonary disease,3
China, Total,121
China, Lower respiratory infections,5
China," Trachea, bronchus, lung cancers",14
China, Ischaemic heart disease,42
China, Stroke,37
China, Chronic obstructive pulmonary disease,22
Colombia, Total,34
Colombia, Lower respiratory infections,5
Colombia," Trachea, bronchus, lung cancers",1
Colombia, Ischaemic heart disease,19
Colombia, Stroke,5
Colombia, Chronic obstructive pulmonary disease,5
Comoros, Total,79
Comoros, Lower respiratory infections,36
Comoros," Trachea, bronchus, lung cancers",0
Comoros, Ischaemic heart disease,20
Comoros, Stroke,17
Comoros, Chronic obstructive pulmonary disease,5
Congo, Total,68
Congo, Lower respiratory infections,25
Congo," Trachea, bronchus, lung cancers",1
Congo, Ischaemic heart disease,21
Congo, Stroke,16
Congo, Chronic obstructive pulmonary disease,5
Costa Rica, Total,22
Costa Rica, Lower respiratory infections,3
Costa Rica," Trachea, bronchus, lung cancers",1
Costa Rica, Ischaemic heart disease,11
Costa Rica, Stroke,4
Costa Rica, Chronic obstructive pulmonary disease,3
Côte d'Ivoire, Total,86
Côte d'Ivoire, Lower respiratory infections,45
Côte d'Ivoire," Trachea, bronchus, lung cancers",1
Côte d'Ivoire, Ischaemic heart disease,21
Côte d'Ivoire, Stroke,15
Côte d'Ivoire, Chronic obstructive pulmonary disease,5
Croatia, Total,88
Croatia, Lower respiratory infections,4
Croatia," Trachea, bronchus, lung cancers",5
Croatia, Ischaemic heart disease,56
Croatia, Stroke,17
Croatia, Chronic obstructive pulmonary disease,6
Cuba, Total,82
Cuba, Lower respiratory infections,15
Cuba," Trachea, bronchus, lung cancers",6
Cuba, Ischaemic heart disease,40
Cuba, Stroke,12
Cuba, Chronic obstructive pulmonary disease,8
Cyprus, Total,28
Cyprus, Lower respiratory infections,1
Cyprus," Trachea, bronchus, lung cancers",2
Cyprus, Ischaemic heart disease,18
Cyprus, Stroke,4
Cyprus, Chronic obstructive pulmonary disease,3
Czechia, Total,77
Czechia, Lower respiratory infections,6
Czechia," Trachea, bronchus, lung cancers",3
Czechia, Ischaemic heart disease,55
Czechia, Stroke,8
Czechia, Chronic obstructive pulmonary disease,4
Democratic People's Republic of Korea, Total,255
Democratic People's Republic of Korea, Lower respiratory infections,16
Democratic People's Republic of Korea," Trachea, bronchus, lung cancers",27
Democratic People's Republic of Korea, Ischaemic heart disease,65
Democratic People's Republic of Korea, Stroke,87
Democratic People's Republic of Korea, Chronic obstructive pulmonary disease,60
Democratic Republic of the Congo, Total,100
Democratic Republic of the Congo, Lower respiratory infections,51
Democratic Republic of the Congo," Trachea, bronchus, lung cancers",1
Democratic Republic of the Congo, Ischaemic heart disease,21
Democratic Republic of the Congo, Stroke,19
Democratic Republic of the Congo, Chronic obstructive pulmonary disease,9
Denmark, Total,32
Denmark, Lower respiratory infections,4
Denmark," Trachea, bronchus, lung cancers",3
Denmark, Ischaemic heart disease,15
Denmark, Stroke,5
Denmark, Chronic obstructive pulmonary disease,6
Djibouti, Total,111
Djibouti, Lower respiratory infections,40
Djibouti," Trachea, bronchus, lung cancers",1
Djibouti, Ischaemic heart disease,35
Djibouti, Stroke,28
Djibouti, Chronic obstructive pulmonary disease,7
Dominican Republic, Total,39
Dominican Republic, Lower respiratory infections,3
Dominican Republic," Trachea, bronchus, lung cancers",1
Dominican Republic, Ischaemic heart disease,25
Dominican Republic, Stroke,8
Dominican Republic, Chronic obstructive pulmonary disease,2
Ecuador, Total,27
Ecuador, Lower respiratory infections,6
Ecuador," Trachea, bronchus, lung cancers",1
Ecuador, Ischaemic heart disease,13
Ecuador, Stroke,4
Ecuador, Chronic obstructive pulmonary disease,2
Egypt, Total,70
Egypt, Lower respiratory infections,7
Egypt," Trachea, bronchus, lung cancers",1
Egypt, Ischaemic heart disease,49
Egypt, Stroke,9
Egypt, Chronic obstructive pulmonary disease,4
El Salvador, Total,44
El Salvador, Lower respiratory infections,11
El Salvador," Trachea, bronchus, lung cancers",1
El Salvador, Ischaemic heart disease,23
El Salvador, Stroke,4
El Salvador, Chronic obstructive pulmonary disease,5
Equatorial Guinea, Total,70
Equatorial Guinea, Lower respiratory infections,37
Equatorial Guinea," Trachea, bronchus, lung cancers",1
Equatorial Guinea, Ischaemic heart disease,15
Equatorial Guinea, Stroke,12
Equatorial Guinea, Chronic obstructive pulmonary disease,5
Eritrea, Total,131
Eritrea, Lower respiratory infections,57
Eritrea," Trachea, bronchus, lung cancers",1
Eritrea, Ischaemic heart disease,31
Eritrea, Stroke,31
Eritrea, Chronic obstructive pulmonary disease,11
Estonia, Total,35
Estonia, Lower respiratory infections,1
Estonia," Trachea, bronchus, lung cancers",1
Estonia, Ischaemic heart disease,27
Estonia, Stroke,5
Estonia, Chronic obstructive pulmonary disease,1
Eswatini, Total,93
Eswatini, Lower respiratory infections,37
Eswatini," Trachea, bronchus, lung cancers",1
Eswatini, Ischaemic heart disease,25
Eswatini, Stroke,21
Eswatini, Chronic obstructive pulmonary disease,9
Ethiopia, Total,68
Ethiopia, Lower respiratory infections,29
Ethiopia," Trachea, bronchus, lung cancers",1
Ethiopia, Ischaemic heart disease,17
Ethiopia, Stroke,15
Ethiopia, Chronic obstructive pulmonary disease,6
Fiji, Total,87
Fiji, Lower respiratory infections,10
Fiji," Trachea, bronchus, lung cancers",2
Fiji, Ischaemic heart disease,54
Fiji, Stroke,16
Fiji, Chronic obstructive pulmonary disease,5
Finland, Total,21
Finland, Lower respiratory infections,0
Finland," Trachea, bronchus, lung cancers",1
Finland, Ischaemic heart disease,17
Finland, Stroke,3
Finland, Chronic obstructive pulmonary disease,1
France, Total,29
France, Lower respiratory infections,3
France," Trachea, bronchus, lung cancers",3
France, Ischaemic heart disease,16
France, Stroke,5
France, Chronic obstructive pulmonary disease,2
Gabon, Total,38
Gabon, Lower respiratory infections,13
Gabon," Trachea, bronchus, lung cancers",1
Gabon, Ischaemic heart disease,13
Gabon, Stroke,8
Gabon, Chronic obstructive pulmonary disease,3
Gambia, Total,79
Gambia, Lower respiratory infections,33
Gambia," Trachea, bronchus, lung cancers",1
Gambia, Ischaemic heart disease,24
Gambia, Stroke,16
Gambia, Chronic obstructive pulmonary disease,5
Georgia, Total,175
Georgia, Lower respiratory infections,6
Georgia," Trachea, bronchus, lung cancers",5
Georgia, Ischaemic heart disease,104
Georgia, Stroke,53
Georgia, Chronic obstructive pulmonary disease,6
Germany, Total,45
Germany, Lower respiratory infections,3
Germany," Trachea, bronchus, lung cancers",3
Germany, Ischaemic heart disease,29
Germany, Stroke,5
Germany, Chronic obstructive pulmonary disease,4
Ghana, Total,85
Ghana, Lower respiratory infections,33
Ghana," Trachea, bronchus, lung cancers",0
Ghana, Ischaemic heart disease,24
Ghana, Stroke,22
Ghana, Chronic obstructive pulmonary disease,6
Greece, Total,75
Greece, Lower respiratory infections,12
Greece," Trachea, bronchus, lung cancers",5
Greece, Ischaemic heart disease,38
Greece, Stroke,15
Greece, Chronic obstructive pulmonary disease,6
Grenada, Total,59
Grenada, Lower respiratory infections,11
Grenada," Trachea, bronchus, lung cancers",2
Grenada, Ischaemic heart disease,31
Grenada, Stroke,13
Grenada, Chronic obstructive pulmonary disease,2
Guatemala, Total,61
Guatemala, Lower respiratory infections,25
Guatemala," Trachea, bronchus, lung cancers",1
Guatemala, Ischaemic heart disease,22
Guatemala, Stroke,8
Guatemala, Chronic obstructive pulmonary disease,4
Guinea, Total,111
Guinea, Lower respiratory infections,58
Guinea," Trachea, bronchus, lung cancers",1
Guinea, Ischaemic heart disease,24
Guinea, Stroke,21
Guinea, Chronic obstructive pulmonary disease,6
Guinea-Bissau, Total,93
Guinea-Bissau, Lower respiratory infections,40
Guinea-Bissau," Trachea, bronchus, lung cancers",1
Guinea-Bissau, Ischaemic heart disease,26
Guinea-Bissau, Stroke,20
Guinea-Bissau, Chronic obstructive pulmonary disease,6
Guyana, Total,84
Guyana, Lower respiratory infections,11
Guyana," Trachea, bronchus, lung cancers",1
Guyana, Ischaemic heart disease,44
Guyana, Stroke,23
Guyana, Chronic obstructive pulmonary disease,5
Haiti, Total,138
Haiti, Lower respiratory infections,31
Haiti," Trachea, bronchus, lung cancers",2
Haiti, Ischaemic heart disease,55
Haiti, Stroke,40
Haiti, Chronic obstructive pulmonary disease,10
Honduras, Total,71
Honduras, Lower respiratory infections,6
Honduras," Trachea, bronchus, lung cancers",1
Honduras, Ischaemic heart disease,33
Honduras, Stroke,18
Honduras, Chronic obstructive pulmonary disease,13
Hungary, Total,99
Hungary, Lower respiratory infections,2
Hungary," Trachea, bronchus, lung cancers",6
Hungary, Ischaemic heart disease,71
Hungary, Stroke,13
Hungary, Chronic obstructive pulmonary disease,7
Iceland, Total,17
Iceland, Lower respiratory infections,1
Iceland," Trachea, bronchus, lung cancers",1
Iceland, Ischaemic heart disease,12
Iceland, Stroke,2
Iceland, Chronic obstructive pulmonary disease,1
India, Total,108
India, Lower respiratory infections,15
India," Trachea, bronchus, lung cancers",3
India, Ischaemic heart disease,45
India, Stroke,17
India, Chronic obstructive pulmonary disease,29
Indonesia, Total,73
Indonesia, Lower respiratory infections,6
Indonesia," Trachea, bronchus, lung cancers",3
Indonesia, Ischaemic heart disease,28
Indonesia, Stroke,28
Indonesia, Chronic obstructive pulmonary disease,8
Iran (Islamic Republic of), Total,46
Iran (Islamic Republic of), Lower respiratory infections,4
Iran (Islamic Republic of)," Trachea, bronchus, lung cancers",1
Iran (Islamic Republic of), Ischaemic heart disease,30
Iran (Islamic Republic of), Stroke,8
Iran (Islamic Republic of), Chronic obstructive pulmonary disease,3
Iraq, Total,39
Iraq, Lower respiratory infections,4
Iraq," Trachea, bronchus, lung cancers",1
Iraq, Ischaemic heart disease,24
Iraq, Stroke,10
Iraq, Chronic obstructive pulmonary disease,1
Ireland, Total,23
Ireland, Lower respiratory infections,2
Ireland," Trachea, bronchus, lung cancers",1
Ireland, Ischaemic heart disease,14
Ireland, Stroke,3
Ireland, Chronic obstructive pulmonary disease,3
Israel, Total,24
Israel, Lower respiratory infections,3
Israel," Trachea, bronchus, lung cancers",2
Israel, Ischaemic heart disease,12
Israel, Stroke,4
Israel, Chronic obstructive pulmonary disease,2
Italy, Total,54
Italy, Lower respiratory infections,4
Italy," Trachea, bronchus, lung cancers",4
Italy, Ischaemic heart disease,30
Italy, Stroke,11
Italy, Chronic obstructive pulmonary disease,6
Jamaica, Total,41
Jamaica, Lower respiratory infections,4
Jamaica," Trachea, bronchus, lung cancers",3
Jamaica, Ischaemic heart disease,16
Jamaica, Stroke,15
Jamaica, Chronic obstructive pulmonary disease,3
Japan, Total,48
Japan, Lower respiratory infections,10
Japan," Trachea, bronchus, lung cancers",3
Japan, Ischaemic heart disease,22
Japan, Stroke,9
Japan, Chronic obstructive pulmonary disease,5
Jordan, Total,19
Jordan, Lower respiratory infections,2
Jordan," Trachea, bronchus, lung cancers",1
Jordan, Ischaemic heart disease,11
Jordan, Stroke,4
Jordan, Chronic obstructive pulmonary disease,1
Kazakhstan, Total,82
Kazakhstan, Lower respiratory infections,5
Kazakhstan," Trachea, bronchus, lung cancers",3
Kazakhstan, Ischaemic heart disease,44
Kazakhstan, Stroke,21
Kazakhstan, Chronic obstructive pulmonary disease,9
Kenya, Total,49
Kenya, Lower respiratory infections,22
Kenya," Trachea, bronchus, lung cancers",1
Kenya, Ischaemic heart disease,11
Kenya, Stroke,12
Kenya, Chronic obstructive pulmonary disease,4
Kiribati, Total,152
Kiribati, Lower respiratory infections,23
Kiribati," Trachea, bronchus, lung cancers",5
Kiribati, Ischaemic heart disease,64
Kiribati, Stroke,47
Kiribati, Chronic obstructive pulmonary disease,12
Kuwait, Total,23
Kuwait, Lower respiratory infections,3
Kuwait," Trachea, bronchus, lung cancers",1
Kuwait, Ischaemic heart disease,16
Kuwait, Stroke,3
Kuwait, Chronic obstructive pulmonary disease,1
Kyrgyzstan, Total,76
Kyrgyzstan, Lower respiratory infections,4
Kyrgyzstan," Trachea, bronchus, lung cancers",3
Kyrgyzstan, Ischaemic heart disease,48
Kyrgyzstan, Stroke,15
Kyrgyzstan, Chronic obstructive pulmonary disease,6
Lao People's Democratic Republic, Total,107
Lao People's Democratic Republic, Lower respiratory infections,23
Lao People's Democratic Republic," Trachea, bronchus, lung cancers",6
Lao People's Democratic Republic, Ischaemic heart disease,35
Lao People's Democratic Republic, Stroke,32
Lao People's Democratic Republic, Chronic obstructive pulmonary disease,11
Latvia, Total,111
Latvia, Lower respiratory infections,3
Latvia," Trachea, bronchus, lung cancers",3
Latvia, Ischaemic heart disease,73
Latvia, Stroke,30
Latvia, Chronic obstructive pulmonary disease,2
Lebanon, Total,54
Lebanon, Lower respiratory infections,3
Lebanon," Trachea, bronchus, lung cancers",2
Lebanon, Ischaemic heart disease,43
Lebanon, Stroke,4
Lebanon, Chronic obstructive pulmonary disease,2
Lesotho, Total,195
Lesotho, Lower respiratory infections,79
Lesotho," Trachea, bronchus, lung cancers",1
Lesotho, Ischaemic heart disease,43
Lesotho, Stroke,47
Lesotho, Chronic obstructive pulmonary disease,25
Liberia, Total,74
Liberia, Lower respiratory infections,34
Liberia," Trachea, bronchus, lung cancers",1
Liberia, Ischaemic heart disease,21
Liberia, Stroke,15
Liberia, Chronic obstructive pulmonary disease,4
Libya, Total,33
Libya, Lower respiratory infections,3
Libya," Trachea, bronchus, lung cancers",1
Libya, Ischaemic heart disease,22
Libya, Stroke,6
Libya, Chronic obstructive pulmonary disease,2
Lithuania, Total,115
Lithuania, Lower respiratory infections,3
Lithuania," Trachea, bronchus, lung cancers",2
Lithuania, Ischaemic heart disease,91
Lithuania, Stroke,18
Lithuania, Chronic obstructive pulmonary disease,2
Luxembourg, Total,26
Luxembourg, Lower respiratory infections,2
Luxembourg," Trachea, bronchus, lung cancers",2
Luxembourg, Ischaemic heart disease,16
Luxembourg, Stroke,3
Luxembourg, Chronic obstructive pulmonary disease,3
Madagascar, Total,93
Madagascar, Lower respiratory infections,32
Madagascar," Trachea, bronchus, lung cancers",0
Madagascar, Ischaemic heart disease,24
Madagascar, Stroke,29
Madagascar, Chronic obstructive pulmonary disease,8
Malawi, Total,56
Malawi, Lower respiratory infections,24
Malawi," Trachea, bronchus, lung cancers",0
Malawi, Ischaemic heart disease,14
Malawi, Stroke,14
Malawi, Chronic obstructive pulmonary disease,4
Malaysia, Total,64
Malaysia, Lower respiratory infections,19
Malaysia," Trachea, bronchus, lung cancers",2
Malaysia, Ischaemic heart disease,28
Malaysia, Stroke,11
Malaysia, Chronic obstructive pulmonary disease,4
Maldives, Total,16
Maldives, Lower respiratory infections,1
Maldives," Trachea, bronchus, lung cancers",1
Maldives, Ischaemic heart disease,10
Maldives, Stroke,3
Maldives, Chronic obstructive pulmonary disease,2
Mali, Total,75
Mali, Lower respiratory infections,38
Mali," Trachea, bronchus, lung cancers",1
Mali, Ischaemic heart disease,17
Mali, Stroke,14
Mali, Chronic obstructive pulmonary disease,6
Malta, Total,55
Malta, Lower respiratory infections,7
Malta," Trachea, bronchus, lung cancers",3
Malta, Ischaemic heart disease,36
Malta, Stroke,7
Malta, Chronic obstructive pulmonary disease,3
Mauritania, Total,61
Mauritania, Lower respiratory infections,29
Mauritania," Trachea, bronchus, lung cancers",1
Mauritania, Ischaemic heart disease,17
Mauritania, Stroke,11
Mauritania, Chronic obstructive pulmonary disease,3
Mauritius, Total,47
Mauritius, Lower respiratory infections,4
Mauritius," Trachea, bronchus, lung cancers",1
Mauritius, Ischaemic heart disease,27
Mauritius, Stroke,9
Mauritius, Chronic obstructive pulmonary disease,6
Mexico, Total,43
Mexico, Lower respiratory infections,6
Mexico," Trachea, bronchus, lung cancers",1
Mexico, Ischaemic heart disease,25
Mexico, Stroke,6
Mexico, Chronic obstructive pulmonary disease,5
Micronesia (Federated States of), Total,153
Micronesia (Federated States of), Lower respiratory infections,23
Micronesia (Federated States of)," Trachea, bronchus, lung cancers",8
Micronesia (Federated States of), Ischaemic heart disease,71
Micronesia (Federated States of), Stroke,35
Micronesia (Federated States of), Chronic obstructive pulmonary disease,16
Mongolia, Total,130
Mongolia, Lower respiratory infections,6
Mongolia," Trachea, bronchus, lung cancers",5
Mongolia, Ischaemic heart disease,68
Mongolia, Stroke,46
Mongolia, Chronic obstructive pulmonary disease,4
Montenegro, Total,215
Montenegro, Lower respiratory infections,5
Montenegro," Trachea, bronchus, lung cancers",15
Montenegro, Ischaemic heart disease,97
Montenegro, Stroke,92
Montenegro, Chronic obstructive pulmonary disease,5
Morocco, Total,60
Morocco, Lower respiratory infections,3
Morocco," Trachea, bronchus, lung cancers",2
Morocco, Ischaemic heart disease,42
Morocco, Stroke,10
Morocco, Chronic obstructive pulmonary disease,2
Mozambique, Total,102
Mozambique, Lower respiratory infections,43
Mozambique," Trachea, bronchus, lung cancers",0
Mozambique, Ischaemic heart disease,21
Mozambique, Stroke,32
Mozambique, Chronic obstructive pulmonary disease,5
Myanmar, Total,133
Myanmar, Lower respiratory infections,18
Myanmar," Trachea, bronchus, lung cancers",7
Myanmar, Ischaemic heart disease,31
Myanmar, Stroke,52
Myanmar, Chronic obstructive pulmonary disease,25
Namibia, Total,72
Namibia, Lower respiratory infections,27
Namibia," Trachea, bronchus, lung cancers",1
Namibia, Ischaemic heart disease,19
Namibia, Stroke,17
Namibia, Chronic obstructive pulmonary disease,8
Nepal, Total,119
Nepal, Lower respiratory infections,13
Nepal," Trachea, bronchus, lung cancers",7
Nepal, Ischaemic heart disease,33
Nepal, Stroke,18
Nepal, Chronic obstructive pulmonary disease,50
Netherlands, Total,34
Netherlands, Lower respiratory infections,3
Netherlands," Trachea, bronchus, lung cancers",3
Netherlands, Ischaemic heart disease,17
Netherlands, Stroke,5
Netherlands, Chronic obstructive pulmonary disease,5
New Zealand, Total,25
New Zealand, Lower respiratory infections,2
New Zealand," Trachea, bronchus, lung cancers",1
New Zealand, Ischaemic heart disease,16
New Zealand, Stroke,4
New Zealand, Chronic obstructive pulmonary disease,3
Nicaragua, Total,60
Nicaragua, Lower respiratory infections,8
Nicaragua," Trachea, bronchus, lung cancers",1
Nicaragua, Ischaemic heart disease,33
Nicaragua, Stroke,10
Nicaragua, Chronic obstructive pulmonary disease,9
Niger, Total,90
Niger, Lower respiratory infections,48
Niger," Trachea, bronchus, lung cancers",0
Niger, Ischaemic heart disease,20
Niger, Stroke,17
Niger, Chronic obstructive pulmonary disease,6
Nigeria, Total,87
Nigeria, Lower respiratory infections,53
Nigeria," Trachea, bronchus, lung cancers",0
Nigeria, Ischaemic heart disease,17
Nigeria, Stroke,13
Nigeria, Chronic obstructive pulmonary disease,4
Norway, Total,18
Norway, Lower respiratory infections,2
Norway," Trachea, bronchus, lung cancers",1
Norway, Ischaemic heart disease,11
Norway, Stroke,2
Norway, Chronic obstructive pulmonary disease,2
Oman, Total,36
Oman, Lower respiratory infections,4
Oman," Trachea, bronchus, lung cancers",0
Oman, Ischaemic heart disease,26
Oman, Stroke,5
Oman, Chronic obstructive pulmonary disease,1
Pakistan, Total,115
Pakistan, Lower respiratory infections,19
Pakistan," Trachea, bronchus, lung cancers",2
Pakistan, Ischaemic heart disease,50
Pakistan, Stroke,24
Pakistan, Chronic obstructive pulmonary disease,20
Panama, Total,30
Panama, Lower respiratory infections,4
Panama," Trachea, bronchus, lung cancers",1
Panama, Ischaemic heart disease,15
Panama, Stroke,7
Panama, Chronic obstructive pulmonary disease,4
Papua New Guinea, Total,95
Papua New Guinea, Lower respiratory infections,15
Papua New Guinea," Trachea, bronchus, lung cancers",3
Papua New Guinea, Ischaemic heart disease,33
Papua New Guinea, Stroke,20
Papua New Guinea, Chronic obstructive pulmonary disease,24
Paraguay, Total,45
Paraguay, Lower respiratory infections,9
Paraguay," Trachea, bronchus, lung cancers",3
Paraguay, Ischaemic heart disease,19
Paraguay, Stroke,10
Paraguay, Chronic obstructive pulmonary disease,5
Peru, Total,40
Peru, Lower respiratory infections,17
Peru," Trachea, bronchus, lung cancers",2
Peru, Ischaemic heart disease,13
Peru, Stroke,5
Peru, Chronic obstructive pulmonary disease,2
Philippines, Total,129
Philippines, Lower respiratory infections,43
Philippines," Trachea, bronchus, lung cancers",4
Philippines, Ischaemic heart disease,48
Philippines, Stroke,22
Philippines, Chronic obstructive pulmonary disease,12
Poland, Total,95
Poland, Lower respiratory infections,10
Poland," Trachea, bronchus, lung cancers",6
Poland, Ischaemic heart disease,64
Poland, Stroke,11
Poland, Chronic obstructive pulmonary disease,5
Portugal, Total,32
Portugal, Lower respiratory infections,5
Portugal," Trachea, bronchus, lung cancers",1
Portugal, Ischaemic heart disease,16
Portugal, Stroke,8
Portugal, Chronic obstructive pulmonary disease,2
Qatar, Total,15
Qatar, Lower respiratory infections,1
Qatar," Trachea, bronchus, lung cancers",1
Qatar, Ischaemic heart disease,11
Qatar, Stroke,2
Qatar, Chronic obstructive pulmonary disease,1
Republic of Korea, Total,38
Republic of Korea, Lower respiratory infections,11
Republic of Korea," Trachea, bronchus, lung cancers",4
Republic of Korea, Ischaemic heart disease,12
Republic of Korea, Stroke,7
Republic of Korea, Chronic obstructive pulmonary disease,3
Republic of Moldova, Total,98
Republic of Moldova, Lower respiratory infections,4
Republic of Moldova," Trachea, bronchus, lung cancers",3
Republic of Moldova, Ischaemic heart disease,71
Republic of Moldova, Stroke,18
Republic of Moldova, Chronic obstructive pulmonary disease,2
North Macedonia, Total,154
North Macedonia, Lower respiratory infections,3
North Macedonia," Trachea, bronchus, lung cancers",12
North Macedonia, Ischaemic heart disease,67
North Macedonia, Stroke,61
North Macedonia, Chronic obstructive pulmonary disease,11
Romania, Total,158
Romania, Lower respiratory infections,12
Romania," Trachea, bronchus, lung cancers",8
Romania, Ischaemic heart disease,90
Romania, Stroke,41
Romania, Chronic obstructive pulmonary disease,7
Russian Federation, Total,127
Russian Federation, Lower respiratory infections,5
Russian Federation," Trachea, bronchus, lung cancers",5
Russian Federation, Ischaemic heart disease,82
Russian Federation, Stroke,31
Russian Federation, Chronic obstructive pulmonary disease,4
Rwanda, Total,68
Rwanda, Lower respiratory infections,26
Rwanda," Trachea, bronchus, lung cancers",1
Rwanda, Ischaemic heart disease,16
Rwanda, Stroke,19
Rwanda, Chronic obstructive pulmonary disease,7
Saint Lucia, Total,36
Saint Lucia, Lower respiratory infections,6
Saint Lucia," Trachea, bronchus, lung cancers",1
Saint Lucia, Ischaemic heart disease,15
Saint Lucia, Stroke,11
Saint Lucia, Chronic obstructive pulmonary disease,4
Saint Vincent and the Grenadines, Total,45
Saint Vincent and the Grenadines, Lower respiratory infections,6
Saint Vincent and the Grenadines," Trachea, bronchus, lung cancers",1
Saint Vincent and the Grenadines, Ischaemic heart disease,24
Saint Vincent and the Grenadines, Stroke,11
Saint Vincent and the Grenadines, Chronic obstructive pulmonary disease,3
Samoa, Total,94
Samoa, Lower respiratory infections,12
Samoa," Trachea, bronchus, lung cancers",5
Samoa, Ischaemic heart disease,44
Samoa, Stroke,21
Samoa, Chronic obstructive pulmonary disease,11
Sao Tome and Principe, Total,96
Sao Tome and Principe, Lower respiratory infections,33
Sao Tome and Principe," Trachea, bronchus, lung cancers",4
Sao Tome and Principe, Ischaemic heart disease,27
Sao Tome and Principe, Stroke,20
Sao Tome and Principe, Chronic obstructive pulmonary disease,11
Saudi Arabia, Total,50
Saudi Arabia, Lower respiratory infections,6
Saudi Arabia," Trachea, bronchus, lung cancers",0
Saudi Arabia, Ischaemic heart disease,31
Saudi Arabia, Stroke,10
Saudi Arabia, Chronic obstructive pulmonary disease,2
Senegal, Total,63
Senegal, Lower respiratory infections,25
Senegal," Trachea, bronchus, lung cancers",1
Senegal, Ischaemic heart disease,19
Senegal, Stroke,14
Senegal, Chronic obstructive pulmonary disease,5
Serbia, Total,152
Serbia, Lower respiratory infections,7
Serbia," Trachea, bronchus, lung cancers",17
Serbia, Ischaemic heart disease,75
Serbia, Stroke,41
Serbia, Chronic obstructive pulmonary disease,12
Seychelles, Total,46
Seychelles, Lower respiratory infections,13
Seychelles," Trachea, bronchus, lung cancers",1
Seychelles, Ischaemic heart disease,21
Seychelles, Stroke,8
Seychelles, Chronic obstructive pulmonary disease,3
Sierra Leone, Total,118
Sierra Leone, Lower respiratory infections,61
Sierra Leone," Trachea, bronchus, lung cancers",1
Sierra Leone, Ischaemic heart disease,29
Sierra Leone, Stroke,22
Sierra Leone, Chronic obstructive pulmonary disease,6
Singapore, Total,34
Singapore, Lower respiratory infections,13
Singapore," Trachea, bronchus, lung cancers",2
Singapore, Ischaemic heart disease,17
Singapore, Stroke,3
Singapore, Chronic obstructive pulmonary disease,1
Slovakia, Total,58
Slovakia, Lower respiratory infections,6
Slovakia," Trachea, bronchus, lung cancers",3
Slovakia, Ischaemic heart disease,38
Slovakia, Stroke,8
Slovakia, Chronic obstructive pulmonary disease,2
Slovenia, Total,53
Slovenia, Lower respiratory infections,3
Slovenia," Trachea, bronchus, lung cancers",4
Slovenia, Ischaemic heart disease,32
Slovenia, Stroke,10
Slovenia, Chronic obstructive pulmonary disease,3
Solomon Islands, Total,142
Solomon Islands, Lower respiratory infections,30
Solomon Islands," Trachea, bronchus, lung cancers",2
Solomon Islands, Ischaemic heart disease,62
Solomon Islands, Stroke,35
Solomon Islands, Chronic obstructive pulmonary disease,14
Somalia, Total,120
Somalia, Lower respiratory infections,66
Somalia," Trachea, bronchus, lung cancers",1
Somalia, Ischaemic heart disease,23
Somalia, Stroke,22
Somalia, Chronic obstructive pulmonary disease,8
South Africa, Total,54
South Africa, Lower respiratory infections,21
South Africa," Trachea, bronchus, lung cancers",3
South Africa, Ischaemic heart disease,15
South Africa, Stroke,10
South Africa, Chronic obstructive pulmonary disease,5
South Sudan, Total,75
South Sudan, Lower respiratory infections,42
South Sudan," Trachea, bronchus, lung cancers",1
South Sudan, Ischaemic heart disease,14
South Sudan, Stroke,14
South Sudan, Chronic obstructive pulmonary disease,5
Spain, Total,30
Spain, Lower respiratory infections,3
Spain," Trachea, bronchus, lung cancers",2
Spain, Ischaemic heart disease,17
Spain, Stroke,5
Spain, Chronic obstructive pulmonary disease,3
Sri Lanka, Total,110
Sri Lanka, Lower respiratory infections,14
Sri Lanka," Trachea, bronchus, lung cancers",4
Sri Lanka, Ischaemic heart disease,58
Sri Lanka, Stroke,12
Sri Lanka, Chronic obstructive pulmonary disease,22
Sudan, Total,69
Sudan, Lower respiratory infections,11
Sudan," Trachea, bronchus, lung cancers",0
Sudan, Ischaemic heart disease,40
Sudan, Stroke,14
Sudan, Chronic obstructive pulmonary disease,4
Suriname, Total,46
Suriname, Lower respiratory infections,6
Suriname," Trachea, bronchus, lung cancers",2
Suriname, Ischaemic heart disease,23
Suriname, Stroke,13
Suriname, Chronic obstructive pulmonary disease,2
Sweden, Total,22
Sweden, Lower respiratory infections,1
Sweden," Trachea, bronchus, lung cancers",1
Sweden, Ischaemic heart disease,16
Sweden, Stroke,3
Sweden, Chronic obstructive pulmonary disease,2
Switzerland, Total,29
Switzerland, Lower respiratory infections,2
Switzerland," Trachea, bronchus, lung cancers",2
Switzerland, Ischaemic heart disease,19
Switzerland, Stroke,4
Switzerland, Chronic obstructive pulmonary disease,2
Syrian Arab Republic, Total,57
Syrian Arab Republic, Lower respiratory infections,4
Syrian Arab Republic," Trachea, bronchus, lung cancers",2
Syrian Arab Republic, Ischaemic heart disease,41
Syrian Arab Republic, Stroke,8
Syrian Arab Republic, Chronic obstructive pulmonary disease,2
Tajikistan, Total,90
Tajikistan, Lower respiratory infections,14
Tajikistan," Trachea, bronchus, lung cancers",1
Tajikistan, Ischaemic heart disease,53
Tajikistan, Stroke,18
Tajikistan, Chronic obstructive pulmonary disease,4
Thailand, Total,71
Thailand, Lower respiratory infections,16
Thailand," Trachea, bronchus, lung cancers",8
Thailand, Ischaemic heart disease,22
Thailand, Stroke,16
Thailand, Chronic obstructive pulmonary disease,8
Timor-Leste, Total,105
Timor-Leste, Lower respiratory infections,29
Timor-Leste," Trachea, bronchus, lung cancers",4
Timor-Leste, Ischaemic heart disease,31
Timor-Leste, Stroke,29
Timor-Leste, Chronic obstructive pulmonary disease,12
Togo, Total,96
Togo, Lower respiratory infections,43
Togo," Trachea, bronchus, lung cancers",1
Togo, Ischaemic heart disease,27
Togo, Stroke,20
Togo, Chronic obstructive pulmonary disease,6
Tonga, Total,39
Tonga, Lower respiratory infections,7
Tonga," Trachea, bronchus, lung cancers",3
Tonga, Ischaemic heart disease,18
Tonga, Stroke,7
Tonga, Chronic obstructive pulmonary disease,5
Trinidad and Tobago, Total,25
Trinidad and Tobago, Lower respiratory infections,2
Trinidad and Tobago," Trachea, bronchus, lung cancers",1
Trinidad and Tobago, Ischaemic heart disease,17
Trinidad and Tobago, Stroke,5
Trinidad and Tobago, Chronic obstructive pulmonary disease,1
Tunisia, Total,60
Tunisia, Lower respiratory infections,4
Tunisia," Trachea, bronchus, lung cancers",2
Tunisia, Ischaemic heart disease,41
Tunisia, Stroke,11
Tunisia, Chronic obstructive pulmonary disease,3
Türkiye, Total,49
Türkiye, Lower respiratory infections,4
Türkiye," Trachea, bronchus, lung cancers",6
Türkiye, Ischaemic heart disease,25
Türkiye, Stroke,9
Türkiye, Chronic obstructive pulmonary disease,6
Turkmenistan, Total,56
Turkmenistan, Lower respiratory infections,4
Turkmenistan," Trachea, bronchus, lung cancers",1
Turkmenistan, Ischaemic heart disease,38
Turkmenistan, Stroke,12
Turkmenistan, Chronic obstructive pulmonary disease,1
Uganda, Total,52
Uganda, Lower respiratory infections,25
Uganda," Trachea, bronchus, lung cancers",1
Uganda, Ischaemic heart disease,11
Uganda, Stroke,12
Uganda, Chronic obstructive pulmonary disease,4
Ukraine, Total,163
Ukraine, Lower respiratory infections,3
Ukraine," Trachea, bronchus, lung cancers",3
Ukraine, Ischaemic heart disease,130
Ukraine, Stroke,23
Ukraine, Chronic obstructive pulmonary disease,3
United Arab Emirates, Total,19
United Arab Emirates, Lower respiratory infections,2
United Arab Emirates," Trachea, bronchus, lung cancers",0
United Arab Emirates, Ischaemic heart disease,11
United Arab Emirates, Stroke,4
United Arab Emirates, Chronic obstructive pulmonary disease,2
United Kingdom of Great Britain and Northern Ireland, Total,33
United Kingdom of Great Britain and Northern Ireland, Lower respiratory infections,6
United Kingdom of Great Britain and Northern Ireland," Trachea, bronchus, lung cancers",2
United Kingdom of Great Britain and Northern Ireland, Ischaemic heart disease,17
United Kingdom of Great Britain and Northern Ireland, Stroke,5
United Kingdom of Great Britain and Northern Ireland, Chronic obstructive pulmonary disease,4
United Republic of Tanzania, Total,51
United Republic of Tanzania, Lower respiratory infections,24
United Republic of Tanzania," Trachea, bronchus, lung cancers",0
United Republic of Tanzania, Ischaemic heart disease,12
United Republic of Tanzania, Stroke,12
United Republic of Tanzania, Chronic obstructive pulmonary disease,3
United States of America, Total,29
United States of America, Lower respiratory infections,1
United States of America," Trachea, bronchus, lung cancers",1
United States of America, Ischaemic heart disease,20
United States of America, Stroke,3
United States of America, Chronic obstructive pulmonary disease,3
Uruguay, Total,32
Uruguay, Lower respiratory infections,3
Uruguay," Trachea, bronchus, lung cancers",1
Uruguay, Ischaemic heart disease,18
Uruguay, Stroke,6
Uruguay, Chronic obstructive pulmonary disease,3
Uzbekistan, Total,93
Uzbekistan, Lower respiratory infections,5
Uzbekistan," Trachea, bronchus, lung cancers",2
Uzbekistan, Ischaemic heart disease,68
Uzbekistan, Stroke,16
Uzbekistan, Chronic obstructive pulmonary disease,2
Vanuatu, Total,138
Vanuatu, Lower respiratory infections,22
Vanuatu," Trachea, bronchus, lung cancers",2
Vanuatu, Ischaemic heart disease,65
Vanuatu, Stroke,33
Vanuatu, Chronic obstructive pulmonary disease,16
Venezuela (Bolivarian Republic of), Total,35
Venezuela (Bolivarian Republic of), Lower respiratory infections,5
Venezuela (Bolivarian Republic of)," Trachea, bronchus, lung cancers",2
Venezuela (Bolivarian Republic of), Ischaemic heart disease,20
Venezuela (Bolivarian Republic of), Stroke,6
Venezuela (Bolivarian Republic of), Chronic obstructive pulmonary disease,3
Viet Nam, Total,108
Viet Nam, Lower respiratory infections,12
Viet Nam," Trachea, bronchus, lung cancers",7
Viet Nam, Ischaemic heart disease,33
Viet Nam, Stroke,43
Viet Nam, Chronic obstructive pulmonary disease,13
Yemen, Total,78
Yemen, Lower respiratory infections,17
Yemen," Trachea, bronchus, lung cancers",1
Yemen, Ischaemic heart disease,41
Yemen, Stroke,14
Yemen, Chronic obstructive pulmonary disease,4
Zambia, Total,63
Zambia, Lower respiratory infections,28
Zambia," Trachea, bronchus, lung cancers",1
Zambia, Ischaemic heart disease,12
Zambia, Stroke,18
Zambia, Chronic obstructive pulmonary disease,4
Zimbabwe, Total,81
Zimbabwe, Lower respiratory infections,37
Zimbabwe," Trachea, bronchus, lung cancers",1
Zimbabwe, Ischaemic heart disease,26
Zimbabwe, Stroke,12
Zimbabwe, Chronic obstructive pulmonary disease,4
